pod-type,pod-id,name
dmp,0,PDDC.tar.gz
dmp,0,aplogCatd.sh
dmp,0,appStart.sh
dmp,0,bpdm.xcg,/pkg/bin,44712,b85880a2,22.A.0,01,00,01,2022-08-12 11:20:17 +0900
dmp,0,cell_init.xml
dmp,0,cim.xcg,/pkg/bin,763320,6aa1bd3c,22.A.0,01,00,01,2022-08-12 11:20:01 +0900
dmp,0,com.xcg,/pkg/bin,243024,8802decf,22.A.0,01,00,01,2022-08-12 11:18:58 +0900
dmp,0,confd.conf.gz
dmp,0,confd.xcg.tar.gz
dmp,0,confd_callpoints.tar.gz
dmp,0,confd_init_gnb_du_cnf.tar.gz
dmp,0,confd_log.gz
dmp,0,drcb.nr.xcg,/pkg/bin,105072,876dda50,22.A.0,01,00,01,2022-08-12 11:20:05 +0900
dmp,0,dsh.xcg,/pkg/bin,62112,7abf1dde,22.A.0,01,00,01,2022-08-12 11:20:04 +0900
dmp,0,filever.tar.gz
dmp,0,ftm.xcg,/pkg/bin,238656,4a7afae4,22.A.0,01,00,01,2022-08-12 11:19:01 +0900
dmp,0,initx.sh
dmp,0,keepCatdAlive.sh
dmp,0,level_info.xml
dmp,0,libPtp.so.xcg,/pkg/lib,23304,92387538,22.A.0,01,00,01,2022-08-12 11:15:29 +0900
dmp,0,libapputil.so.xcg,/pkg/lib,3971600,b0bfeac4,22.A.0,01,00,01,2022-08-12 11:15:22 +0900
dmp,0,libcdd.so.xcg,/pkg/lib,422088,ee42e0d5,22.A.0,01,00,01,2022-08-12 11:15:31 +0900
dmp,0,libconfd.so.xcg,/pkg/lib,645240,163ab02b,22.A.0,01,00,01,2022-08-12 11:15:15 +0900
dmp,0,libdal.so.xcg,/pkg/lib,177592,873cf44,22.A.0,01,00,01,2022-08-12 11:15:31 +0900
dmp,0,libdbi.so.xcg,/pkg/lib,808336,926833e6,22.A.0,01,00,01,2022-08-12 11:15:35 +0900
dmp,0,libdus.so.xcg,/pkg/lib,98080,75e5572e,22.A.0,01,00,01,2022-08-12 11:15:17 +0900
dmp,0,libens.so.xcg,/pkg/lib,93304,efe5f4dc,22.A.0,01,00,01,2022-08-12 11:15:17 +0900
dmp,0,libftp.so.xcg,/pkg/lib,93336,7f4c223f,22.A.0,01,00,01,2022-08-12 11:15:30 +0900
dmp,0,libhas.so.xcg,/pkg/lib,172032,71629de9,22.A.0,01,00,01,2022-08-12 11:15:17 +0900
dmp,0,libhiredis.so.xcg,/pkg/lib,69024,e8a7d77b,22.A.0,01,00,01,2022-08-12 11:15:17 +0900
dmp,0,libkubernetes.so.xcg,/pkg/lib,3218016,36a8751a,22.A.0,01,00,01,2022-08-12 11:15:27 +0900
dmp,0,libmds.so.xcg,/pkg/lib,442784,745faf93,22.A.0,01,00,01,2022-08-12 11:15:18 +0900
dmp,0,libmfs.so.xcg,/pkg/lib,106584,baa85eae,22.A.0,01,00,01,2022-08-12 11:15:17 +0900
dmp,0,libmwinit.so.xcg,/pkg/lib,23376,40e4d04d,22.A.0,01,00,01,2022-08-12 11:15:16 +0900
dmp,0,libnanomsg.so.xcg,/pkg/lib,388944,3b33c2b4,22.A.0,01,00,01,2022-08-12 11:15:21 +0900
dmp,0,libnetfeature.so.xcg,/pkg/lib,36336,35b167fd,22.A.0,01,00,01,2022-08-12 11:14:59 +0900
dmp,0,liboam.so.xcg,/pkg/lib,326056,c2e23362,22.A.0,01,00,01,2022-08-12 11:15:32 +0900
dmp,0,liboamfdm.so.xcg,/pkg/lib,27608,da5bd021,22.A.0,01,00,01,2022-08-12 11:15:30 +0900
dmp,0,liboamfm.so.xcg,/pkg/lib,56792,49399520,22.A.0,01,00,01,2022-08-12 11:15:31 +0900
dmp,0,liboamosab.so.xcg,/pkg/lib,56408,6018f26,22.A.0,01,00,01,2022-08-12 11:15:31 +0900
dmp,0,liboamswm.so.xcg,/pkg/lib,53040,f5e8a7c4,22.A.0,01,00,01,2022-08-12 11:15:30 +0900
dmp,0,liboamtm.so.xcg,/pkg/lib,47896,13e413c4,22.A.0,01,00,01,2022-08-12 11:15:30 +0900
dmp,0,libosal.so.xcg,/pkg/lib,6584,fcae5492,22.A.0,01,00,01,2022-08-12 11:15:16 +0900
dmp,0,libpdm.so.xcg,/pkg/lib,19200,96d1092c,22.A.0,01,00,01,2022-08-12 11:15:16 +0900
dmp,0,librms.so.xcg,/pkg/lib,139512,398383b4,22.A.0,01,00,01,2022-08-12 11:15:32 +0900
dmp,0,librulechk.so.xcg,/pkg/lib,15144,d1255f44,22.A.0,01,00,01,2022-08-12 11:15:30 +0900
dmp,0,libsfs.so.xcg,/pkg/lib,78200,3c39cf7d,22.A.0,01,00,01,2022-08-12 11:15:17 +0900
dmp,0,libsftp.so.xcg,/pkg/lib,400632,f5757b9f,22.A.0,01,00,01,2022-08-12 11:15:40 +0900
dmp,0,libswmgt.so.xcg,/pkg/lib,40000,9b9c3e0c,22.A.0,01,00,01,2022-08-12 11:15:17 +0900
dmp,0,libsysapi.so.xcg,/pkg/lib,31408,cb43328b,22.A.0,01,00,01,2022-08-12 11:15:29 +0900
dmp,0,libths.so.xcg,/pkg/lib,110088,29b469a1,22.A.0,01,00,01,2022-08-12 11:15:17 +0900
dmp,0,libvardata.so.xcg,/pkg/lib,81248,3da0a0da,22.A.0,01,00,01,2022-08-12 11:15:30 +0900
dmp,0,libvpm.so.xcg,/pkg/lib,10008472,d1507b23,22.A.0,01,00,01,2022-08-12 11:18:50 +0900
dmp,0,libwebsockets.so.xcg,/pkg/lib,469400,949be2a7,22.A.0,01,00,01,2022-08-12 11:15:29 +0900
dmp,0,loco.xcg,/pkg/bin,73840,789cba2c,22.A.0,01,00,01,2022-08-12 11:20:05 +0900
dmp,0,mig.210200190101.xml
dmp,0,mig.xml
dmp,0,nim.xcg,/pkg/bin,213848,283f2952,22.A.0,01,00,01,2022-08-12 11:18:56 +0900
dmp,0,nm.logrotate.gz
dmp,0,nrecdm.xcg,/pkg/bin,865616,e0ae568e,22.A.0,01,00,01,2022-08-12 11:20:22 +0900
dmp,0,nrlic.xcg,/pkg/bin,219768,34c40c4a,22.A.0,01,00,01,2022-08-12 11:20:22 +0900
dmp,0,nrnm.xcg,/pkg/bin,715352,6e5fd691,22.A.0,01,00,01,2022-08-12 11:20:09 +0900
dmp,0,nrudm.xcg,/pkg/bin,177352,bc28da06,22.A.0,01,00,01,2022-08-12 11:20:08 +0900
dmp,0,nrvcdm.xcg,/pkg/bin,1819336,2da5fc21,22.A.0,01,00,01,2022-08-12 11:20:31 +0900
dmp,0,ossm.xcg,/pkg/bin,141768,65f1ab0e,22.A.0,01,00,01,2022-08-12 11:20:21 +0900
dmp,0,predef_ADPF.tar.gz
dmp,0,redis-cli
dmp,0,redis-hidden.conf
dmp,0,redis-hidden.xcg,/pkg/bin/redis,1065272,de33622f,22.A.0,01,00,01,2022-08-12 11:15:44 +0900
dmp,0,redis-server
dmp,0,redis-server.xcg,/pkg/bin/redis,1065272,de33622f,22.A.0,01,00,01,2022-08-12 11:15:40 +0900
dmp,0,redis.conf
dmp,0,registryFile.tar.gz
dmp,0,sfm.xcg,/pkg/bin,3763728,4a9123d0,22.A.0,01,00,01,2022-08-12 11:19:19 +0900
dmp,0,sigTermAction.sh
dmp,0,stm.xcg,/pkg/bin,181328,39185b24,22.A.0,01,00,01,2022-08-12 11:20:07 +0900
dmp,0,swm.xcg,/pkg/bin,211408,6c9e8a07,22.A.0,01,00,01,2022-08-12 11:18:59 +0900
dmp,0,swmWd.sh
dmp,0,sys_init.xml
dmp,0,type226_foo.tar.gz
dmp,0,type226_fxs.tar.gz
dmp,0,type226_hdb.tar.gz
dmp,0,type226_netfeature.tar.gz
dmp,0,var_data_def.xml
dmp,0,var_data_input.xml
cmp,0,PDDC.tar.gz
cmp,0,am.conf.ADPF
cmp,0,am.xcg,/pkg/bin,5261408,e9a499e7,22.A.0,01,00,01,2022-08-12 11:17:42 +0900
cmp,0,aplogCatd.sh
cmp,0,appStart.sh
cmp,0,arm.xcg,/pkg/bin,2664552,606ee8d9,22.A.0,01,00,01,2022-08-12 11:17:46 +0900
cmp,0,bpdm.xcg,/pkg/bin,44712,b85880a2,22.A.0,01,00,01,2022-08-12 11:20:17 +0900
cmp,0,cbsm.xcg,/pkg/bin,1826552,27403ae7,22.A.0,01,00,01,2022-08-12 11:20:32 +0900
cmp,0,com.xcg,/pkg/bin,243024,8802decf,22.A.0,01,00,01,2022-08-12 11:18:58 +0900
cmp,0,dsh.xcg,/pkg/bin,62112,7abf1dde,22.A.0,01,00,01,2022-08-12 11:20:04 +0900
cmp,0,filever.tar.gz
cmp,0,ftm.xcg,/pkg/bin,238656,4a7afae4,22.A.0,01,00,01,2022-08-12 11:19:01 +0900
cmp,0,keepCatdAlive.sh
cmp,0,libPtp.so.xcg,/pkg/lib,23304,92387538,22.A.0,01,00,01,2022-08-12 11:15:29 +0900
cmp,0,libapputil.so.xcg,/pkg/lib,3971600,b0bfeac4,22.A.0,01,00,01,2022-08-12 11:15:22 +0900
cmp,0,libcdd.so.xcg,/pkg/lib,422088,ee42e0d5,22.A.0,01,00,01,2022-08-12 11:15:31 +0900
cmp,0,libconfd.so.xcg,/pkg/lib,645240,163ab02b,22.A.0,01,00,01,2022-08-12 11:15:15 +0900
cmp,0,libdal.so.xcg,/pkg/lib,177592,873cf44,22.A.0,01,00,01,2022-08-12 11:15:31 +0900
cmp,0,libdbi.so.xcg,/pkg/lib,808336,926833e6,22.A.0,01,00,01,2022-08-12 11:15:35 +0900
cmp,0,libdus.so.xcg,/pkg/lib,98080,75e5572e,22.A.0,01,00,01,2022-08-12 11:15:17 +0900
cmp,0,libens.so.xcg,/pkg/lib,93304,efe5f4dc,22.A.0,01,00,01,2022-08-12 11:15:17 +0900
cmp,0,libftp.so.xcg,/pkg/lib,93336,7f4c223f,22.A.0,01,00,01,2022-08-12 11:15:30 +0900
cmp,0,libhas.so.xcg,/pkg/lib,172032,71629de9,22.A.0,01,00,01,2022-08-12 11:15:17 +0900
cmp,0,libhiredis.so.xcg,/pkg/lib,69024,e8a7d77b,22.A.0,01,00,01,2022-08-12 11:15:17 +0900
cmp,0,libkubernetes.so.xcg,/pkg/lib,3218016,36a8751a,22.A.0,01,00,01,2022-08-12 11:15:27 +0900
cmp,0,libmds.so.xcg,/pkg/lib,442784,745faf93,22.A.0,01,00,01,2022-08-12 11:15:18 +0900
cmp,0,libmfs.so.xcg,/pkg/lib,106584,baa85eae,22.A.0,01,00,01,2022-08-12 11:15:17 +0900
cmp,0,libmwinit.so.xcg,/pkg/lib,23376,40e4d04d,22.A.0,01,00,01,2022-08-12 11:15:16 +0900
cmp,0,libnanomsg.so.xcg,/pkg/lib,388944,3b33c2b4,22.A.0,01,00,01,2022-08-12 11:15:21 +0900
cmp,0,libnetfeature.so.xcg,/pkg/lib,36336,35b167fd,22.A.0,01,00,01,2022-08-12 11:14:59 +0900
cmp,0,liboam.so.xcg,/pkg/lib,326056,c2e23362,22.A.0,01,00,01,2022-08-12 11:15:32 +0900
cmp,0,liboamfdm.so.xcg,/pkg/lib,27608,da5bd021,22.A.0,01,00,01,2022-08-12 11:15:30 +0900
cmp,0,liboamfm.so.xcg,/pkg/lib,56792,49399520,22.A.0,01,00,01,2022-08-12 11:15:31 +0900
cmp,0,liboamosab.so.xcg,/pkg/lib,56408,6018f26,22.A.0,01,00,01,2022-08-12 11:15:31 +0900
cmp,0,liboamswm.so.xcg,/pkg/lib,53040,f5e8a7c4,22.A.0,01,00,01,2022-08-12 11:15:30 +0900
cmp,0,liboamtm.so.xcg,/pkg/lib,47896,13e413c4,22.A.0,01,00,01,2022-08-12 11:15:30 +0900
cmp,0,libosal.so.xcg,/pkg/lib,6584,fcae5492,22.A.0,01,00,01,2022-08-12 11:15:16 +0900
cmp,0,libpdm.so.xcg,/pkg/lib,19200,96d1092c,22.A.0,01,00,01,2022-08-12 11:15:16 +0900
cmp,0,libret.so.xcg,/pkg/lib,142200,51a2297,22.A.0,01,00,01,2022-08-12 11:15:31 +0900
cmp,0,librms.so.xcg,/pkg/lib,139512,398383b4,22.A.0,01,00,01,2022-08-12 11:15:32 +0900
cmp,0,librulechk.so.xcg,/pkg/lib,15144,d1255f44,22.A.0,01,00,01,2022-08-12 11:15:30 +0900
cmp,0,libsfs.so.xcg,/pkg/lib,78200,3c39cf7d,22.A.0,01,00,01,2022-08-12 11:15:17 +0900
cmp,0,libsftp.so.xcg,/pkg/lib,400632,f5757b9f,22.A.0,01,00,01,2022-08-12 11:15:40 +0900
cmp,0,libswmgt.so.xcg,/pkg/lib,40000,9b9c3e0c,22.A.0,01,00,01,2022-08-12 11:15:17 +0900
cmp,0,libsysapi.so.xcg,/pkg/lib,31408,cb43328b,22.A.0,01,00,01,2022-08-12 11:15:29 +0900
cmp,0,libths.so.xcg,/pkg/lib,110088,29b469a1,22.A.0,01,00,01,2022-08-12 11:15:17 +0900
cmp,0,libvpm.so.xcg,/pkg/lib,10008472,d1507b23,22.A.0,01,00,01,2022-08-12 11:18:50 +0900
cmp,0,libwebsockets.so.xcg,/pkg/lib,469400,949be2a7,22.A.0,01,00,01,2022-08-12 11:15:29 +0900
cmp,0,loco.xcg,/pkg/bin,73840,789cba2c,22.A.0,01,00,01,2022-08-12 11:20:05 +0900
cmp,0,nrosab.xcg,/pkg/bin,1511168,36f9999c,22.A.0,01,00,01,2022-08-12 11:20:27 +0900
cmp,0,ossm.xcg,/pkg/bin,141768,65f1ab0e,22.A.0,01,00,01,2022-08-12 11:20:21 +0900
cmp,0,predef_ADPF.tar.gz
cmp,0,rsm.xcg,/pkg/bin,1232696,b1523f04,22.A.0,01,00,01,2022-08-12 11:18:54 +0900
cmp,0,sfm.xcg,/pkg/bin,3763728,4a9123d0,22.A.0,01,00,01,2022-08-12 11:19:19 +0900
cmp,0,sigTermAction.sh
cmp,0,swm.xcg,/pkg/bin,211408,6c9e8a07,22.A.0,01,00,01,2022-08-12 11:18:59 +0900
cmp,0,swmWd.sh
cmp,0,tm.xcg,/pkg/bin,1599264,cf218a62,22.A.0,01,00,01,2022-08-12 11:20:25 +0900
cmp,0,type226_foo.tar.gz
cmp,0,type226_netfeature.tar.gz
rmp,0,PDDC.tar.gz
rmp,0,SAInfo_window_2048.dat
rmp,0,SAInfo_window_2048.dat.gz
rmp,0,SAInfo_window_4096.dat
rmp,0,SAInfo_window_4096.dat.gz
rmp,0,SAInfo_window_8192.dat
rmp,0,SAInfo_window_8192.dat.gz
rmp,0,SAInfo_window_IRX.dat
rmp,0,SAInfo_window_IRX.dat.gz
rmp,0,SAInfo_window_RX.dat
rmp,0,SAInfo_window_RX.dat.gz
rmp,0,aplogCatd.sh
rmp,0,appStart.sh
rmp,0,bpdm.xcg,/pkg/bin,44712,b85880a2,22.A.0,01,00,01,2022-08-12 11:20:17 +0900
rmp,0,com.xcg,/pkg/bin,243024,8802decf,22.A.0,01,00,01,2022-08-12 11:18:58 +0900
rmp,0,dsh.xcg,/pkg/bin,62112,7abf1dde,22.A.0,01,00,01,2022-08-12 11:20:04 +0900
rmp,0,endpointMap_vzw.xml
rmp,0,filever.tar.gz
rmp,0,ftm.xcg,/pkg/bin,238656,4a7afae4,22.A.0,01,00,01,2022-08-12 11:19:01 +0900
rmp,0,hrm.xcg,/pkg/bin,327464,a113e004,22.A.0,01,00,01,2022-08-12 11:20:07 +0900
rmp,0,initx.sh
rmp,0,keepCatdAlive.sh
rmp,0,libI2util.so.xcg,/pkg/lib,52816,45e3d830,22.A.0,01,00,01,2022-08-12 11:20:13 +0900
rmp,0,libPtp.so.xcg,/pkg/lib,23304,92387538,22.A.0,01,00,01,2022-08-12 11:15:29 +0900
rmp,0,libapputil.so.xcg,/pkg/lib,3971600,b0bfeac4,22.A.0,01,00,01,2022-08-12 11:15:22 +0900
rmp,0,libcdd.so.xcg,/pkg/lib,422088,ee42e0d5,22.A.0,01,00,01,2022-08-12 11:15:31 +0900
rmp,0,libconfd.so.xcg,/pkg/lib,645240,163ab02b,22.A.0,01,00,01,2022-08-12 11:15:15 +0900
rmp,0,libdal.so.xcg,/pkg/lib,177592,873cf44,22.A.0,01,00,01,2022-08-12 11:15:31 +0900
rmp,0,libdbi.so.xcg,/pkg/lib,808336,926833e6,22.A.0,01,00,01,2022-08-12 11:15:35 +0900
rmp,0,libdus.so.xcg,/pkg/lib,98080,75e5572e,22.A.0,01,00,01,2022-08-12 11:15:17 +0900
rmp,0,libens.so.xcg,/pkg/lib,93304,efe5f4dc,22.A.0,01,00,01,2022-08-12 11:15:17 +0900
rmp,0,libftp.so.xcg,/pkg/lib,93336,7f4c223f,22.A.0,01,00,01,2022-08-12 11:15:30 +0900
rmp,0,libhas.so.xcg,/pkg/lib,172032,71629de9,22.A.0,01,00,01,2022-08-12 11:15:17 +0900
rmp,0,libhiredis.so.xcg,/pkg/lib,69024,e8a7d77b,22.A.0,01,00,01,2022-08-12 11:15:17 +0900
rmp,0,libkubernetes.so.xcg,/pkg/lib,3218016,36a8751a,22.A.0,01,00,01,2022-08-12 11:15:27 +0900
rmp,0,libmds.so.xcg,/pkg/lib,442784,745faf93,22.A.0,01,00,01,2022-08-12 11:15:18 +0900
rmp,0,libmfs.so.xcg,/pkg/lib,106584,baa85eae,22.A.0,01,00,01,2022-08-12 11:15:17 +0900
rmp,0,libmwinit.so.xcg,/pkg/lib,23376,40e4d04d,22.A.0,01,00,01,2022-08-12 11:15:16 +0900
rmp,0,libnanomsg.so.xcg,/pkg/lib,388944,3b33c2b4,22.A.0,01,00,01,2022-08-12 11:15:21 +0900
rmp,0,libncc.so.xcg,/pkg/lib,2041800,855e73b1,22.A.0,01,00,01,2022-08-12 11:15:37 +0900
rmp,0,libnetconf.so.xcg,/pkg/lib,498496,f54d1b67,22.A.0,01,00,01,2022-08-12 11:15:37 +0900
rmp,0,libnetfeature.so.xcg,/pkg/lib,36336,35b167fd,22.A.0,01,00,01,2022-08-12 11:14:59 +0900
rmp,0,liboam.so.xcg,/pkg/lib,326056,c2e23362,22.A.0,01,00,01,2022-08-12 11:15:32 +0900
rmp,0,liboamfdm.so.xcg,/pkg/lib,27608,da5bd021,22.A.0,01,00,01,2022-08-12 11:15:30 +0900
rmp,0,liboamfm.so.xcg,/pkg/lib,56792,49399520,22.A.0,01,00,01,2022-08-12 11:15:31 +0900
rmp,0,liboamosab.so.xcg,/pkg/lib,56408,6018f26,22.A.0,01,00,01,2022-08-12 11:15:31 +0900
rmp,0,liboamswm.so.xcg,/pkg/lib,53040,f5e8a7c4,22.A.0,01,00,01,2022-08-12 11:15:30 +0900
rmp,0,liboamtm.so.xcg,/pkg/lib,47896,13e413c4,22.A.0,01,00,01,2022-08-12 11:15:30 +0900
rmp,0,libosal.so.xcg,/pkg/lib,6584,fcae5492,22.A.0,01,00,01,2022-08-12 11:15:16 +0900
rmp,0,libowamp.so.xcg,/pkg/lib,209464,b9381b3e,22.A.0,01,00,01,2022-08-12 11:20:16 +0900
rmp,0,libpdm.so.xcg,/pkg/lib,19200,96d1092c,22.A.0,01,00,01,2022-08-12 11:15:16 +0900
rmp,0,libret.so.xcg,/pkg/lib,142200,51a2297,22.A.0,01,00,01,2022-08-12 11:15:31 +0900
rmp,0,librms.so.xcg,/pkg/lib,139512,398383b4,22.A.0,01,00,01,2022-08-12 11:15:32 +0900
rmp,0,librulechk.so.xcg,/pkg/lib,15144,d1255f44,22.A.0,01,00,01,2022-08-12 11:15:30 +0900
rmp,0,libsfs.so.xcg,/pkg/lib,78200,3c39cf7d,22.A.0,01,00,01,2022-08-12 11:15:17 +0900
rmp,0,libsftp.so.xcg,/pkg/lib,400632,f5757b9f,22.A.0,01,00,01,2022-08-12 11:15:40 +0900
rmp,0,libssh.so.xcg,/pkg/lib,566352,927dd914,22.A.0,01,00,01,2022-08-12 11:15:35 +0900
rmp,0,libswmgt.so.xcg,/pkg/lib,40000,9b9c3e0c,22.A.0,01,00,01,2022-08-12 11:15:17 +0900
rmp,0,libsysapi.so.xcg,/pkg/lib,31408,cb43328b,22.A.0,01,00,01,2022-08-12 11:15:29 +0900
rmp,0,libths.so.xcg,/pkg/lib,110088,29b469a1,22.A.0,01,00,01,2022-08-12 11:15:17 +0900
rmp,0,libvpm.so.xcg,/pkg/lib,10008472,d1507b23,22.A.0,01,00,01,2022-08-12 11:18:50 +0900
rmp,0,libwebsockets.so.xcg,/pkg/lib,469400,949be2a7,22.A.0,01,00,01,2022-08-12 11:15:29 +0900
rmp,0,loco.xcg,/pkg/bin,73840,789cba2c,22.A.0,01,00,01,2022-08-12 11:20:05 +0900
rmp,0,ncc.conf.enc.gz
rmp,0,ncc.logrotate.gz
rmp,0,ncm.xcg,/pkg/bin,939192,8b333344,22.A.0,01,00,01,2022-08-12 11:20:19 +0900
rmp,0,ndc.xcg,/pkg/bin,385672,7dfee136,22.A.0,01,00,01,2022-08-12 11:20:11 +0900
rmp,0,nrdhcpad.xcg,/pkg/bin,637216,aa75b7fe,22.A.0,01,00,01,2022-08-12 11:20:32 +0900
rmp,0,nrdhcpd,/pkg/bin,795424,85c1aa30,22.A.0,01,00,01,2022-08-12 11:20:31 +0900
rmp,0,nrretap.xcg,/pkg/bin,73496,98c0dd55,22.A.0,01,00,01,2022-08-12 11:20:05 +0900
rmp,0,ossm.xcg,/pkg/bin,141768,65f1ab0e,22.A.0,01,00,01,2022-08-12 11:20:21 +0900
rmp,0,predef_ADPF.tar.gz
rmp,0,remount_mmu_CPSW
rmp,0,ruSpecData.xml
rmp,0,ru_whitelist.gz
rmp,0,rum.xcg,/pkg/bin,6733584,f84577bf,22.A.0,01,00,01,2022-08-12 11:19:57 +0900
rmp,0,sfm.xcg,/pkg/bin,3763728,4a9123d0,22.A.0,01,00,01,2022-08-12 11:19:19 +0900
rmp,0,sigTermAction.sh
rmp,0,stm.xcg,/pkg/bin,181328,39185b24,22.A.0,01,00,01,2022-08-12 11:20:07 +0900
rmp,0,swm.xcg,/pkg/bin,211408,6c9e8a07,22.A.0,01,00,01,2022-08-12 11:18:59 +0900
rmp,0,swmWd.sh
rmp,0,swmg.xcg,/pkg/bin,332736,cd4c0622,22.A.0,01,00,01,2022-08-12 11:20:02 +0900
rmp,0,tm.xcg,/pkg/bin,1599264,cf218a62,22.A.0,01,00,01,2022-08-12 11:20:25 +0900
rmp,0,tmConfigData
rmp,0,tmConfigData.gz
rmp,0,twamp.xcg,/pkg/bin,538032,b94c2a4,22.A.0,01,00,01,2022-08-12 11:20:17 +0900
rmp,0,twampc,/pkg/bin,40832,27a677df,22.A.0,01,00,01,2022-08-12 11:20:22 +0900
rmp,0,twampd,/pkg/bin,65784,c80c4ccb,22.A.0,01,00,01,2022-08-12 11:20:21 +0900
rmp,0,twamplc,/pkg/bin,45024,db379f49,22.A.0,01,00,01,2022-08-12 11:20:24 +0900
rmp,0,twampld,/pkg/bin,41296,ce21446,22.A.0,01,00,01,2022-08-12 11:20:23 +0900
rmp,0,type226_foo.tar.gz
rmp,0,type226_netfeature.tar.gz
rmp,0,vruSpecData.xml
pmp,0,PDDC.tar.gz
pmp,0,aplogCatd.sh
pmp,0,appStart.sh
pmp,0,bpdm.xcg,/pkg/bin,44712,b85880a2,22.A.0,01,00,01,2022-08-12 11:20:17 +0900
pmp,0,com.xcg,/pkg/bin,243024,8802decf,22.A.0,01,00,01,2022-08-12 11:18:58 +0900
pmp,0,dsh.xcg,/pkg/bin,62112,7abf1dde,22.A.0,01,00,01,2022-08-12 11:20:04 +0900
pmp,0,filever.tar.gz
pmp,0,ftm.xcg,/pkg/bin,238656,4a7afae4,22.A.0,01,00,01,2022-08-12 11:19:01 +0900
pmp,0,keepCatdAlive.sh
pmp,0,libPtp.so.xcg,/pkg/lib,23304,92387538,22.A.0,01,00,01,2022-08-12 11:15:29 +0900
pmp,0,libapputil.so.xcg,/pkg/lib,3971600,b0bfeac4,22.A.0,01,00,01,2022-08-12 11:15:22 +0900
pmp,0,libcdd.so.xcg,/pkg/lib,422088,ee42e0d5,22.A.0,01,00,01,2022-08-12 11:15:31 +0900
pmp,0,libconfd.so.xcg,/pkg/lib,645240,163ab02b,22.A.0,01,00,01,2022-08-12 11:15:15 +0900
pmp,0,libdal.so.xcg,/pkg/lib,177592,873cf44,22.A.0,01,00,01,2022-08-12 11:15:31 +0900
pmp,0,libdbi.so.xcg,/pkg/lib,808336,926833e6,22.A.0,01,00,01,2022-08-12 11:15:35 +0900
pmp,0,libdus.so.xcg,/pkg/lib,98080,75e5572e,22.A.0,01,00,01,2022-08-12 11:15:17 +0900
pmp,0,libens.so.xcg,/pkg/lib,93304,efe5f4dc,22.A.0,01,00,01,2022-08-12 11:15:17 +0900
pmp,0,libftp.so.xcg,/pkg/lib,93336,7f4c223f,22.A.0,01,00,01,2022-08-12 11:15:30 +0900
pmp,0,libhas.so.xcg,/pkg/lib,172032,71629de9,22.A.0,01,00,01,2022-08-12 11:15:17 +0900
pmp,0,libhiredis.so.xcg,/pkg/lib,69024,e8a7d77b,22.A.0,01,00,01,2022-08-12 11:15:17 +0900
pmp,0,libkubernetes.so.xcg,/pkg/lib,3218016,36a8751a,22.A.0,01,00,01,2022-08-12 11:15:27 +0900
pmp,0,libmds.so.xcg,/pkg/lib,442784,745faf93,22.A.0,01,00,01,2022-08-12 11:15:18 +0900
pmp,0,libmfs.so.xcg,/pkg/lib,106584,baa85eae,22.A.0,01,00,01,2022-08-12 11:15:17 +0900
pmp,0,libmwinit.so.xcg,/pkg/lib,23376,40e4d04d,22.A.0,01,00,01,2022-08-12 11:15:16 +0900
pmp,0,libnanomsg.so.xcg,/pkg/lib,388944,3b33c2b4,22.A.0,01,00,01,2022-08-12 11:15:21 +0900
pmp,0,libnetfeature.so.xcg,/pkg/lib,36336,35b167fd,22.A.0,01,00,01,2022-08-12 11:14:59 +0900
pmp,0,liboam.so.xcg,/pkg/lib,326056,c2e23362,22.A.0,01,00,01,2022-08-12 11:15:32 +0900
pmp,0,liboamfdm.so.xcg,/pkg/lib,27608,da5bd021,22.A.0,01,00,01,2022-08-12 11:15:30 +0900
pmp,0,liboamfm.so.xcg,/pkg/lib,56792,49399520,22.A.0,01,00,01,2022-08-12 11:15:31 +0900
pmp,0,liboamosab.so.xcg,/pkg/lib,56408,6018f26,22.A.0,01,00,01,2022-08-12 11:15:31 +0900
pmp,0,liboamswm.so.xcg,/pkg/lib,53040,f5e8a7c4,22.A.0,01,00,01,2022-08-12 11:15:30 +0900
pmp,0,liboamtm.so.xcg,/pkg/lib,47896,13e413c4,22.A.0,01,00,01,2022-08-12 11:15:30 +0900
pmp,0,libosal.so.xcg,/pkg/lib,6584,fcae5492,22.A.0,01,00,01,2022-08-12 11:15:16 +0900
pmp,0,libpdm.so.xcg,/pkg/lib,19200,96d1092c,22.A.0,01,00,01,2022-08-12 11:15:16 +0900
pmp,0,librms.so.xcg,/pkg/lib,139512,398383b4,22.A.0,01,00,01,2022-08-12 11:15:32 +0900
pmp,0,librulechk.so.xcg,/pkg/lib,15144,d1255f44,22.A.0,01,00,01,2022-08-12 11:15:30 +0900
pmp,0,libsfs.so.xcg,/pkg/lib,78200,3c39cf7d,22.A.0,01,00,01,2022-08-12 11:15:17 +0900
pmp,0,libsftp.so.xcg,/pkg/lib,400632,f5757b9f,22.A.0,01,00,01,2022-08-12 11:15:40 +0900
pmp,0,libswmgt.so.xcg,/pkg/lib,40000,9b9c3e0c,22.A.0,01,00,01,2022-08-12 11:15:17 +0900
pmp,0,libsysapi.so.xcg,/pkg/lib,31408,cb43328b,22.A.0,01,00,01,2022-08-12 11:15:29 +0900
pmp,0,libths.so.xcg,/pkg/lib,110088,29b469a1,22.A.0,01,00,01,2022-08-12 11:15:17 +0900
pmp,0,libvespm.so.xcg,/pkg/lib,15264,4a3254bc,22.A.0,01,00,01,2022-08-12 11:15:30 +0900
pmp,0,libvpm.so.xcg,/pkg/lib,10008472,d1507b23,22.A.0,01,00,01,2022-08-12 11:18:50 +0900
pmp,0,libwebsockets.so.xcg,/pkg/lib,469400,949be2a7,22.A.0,01,00,01,2022-08-12 11:15:29 +0900
pmp,0,loco.xcg,/pkg/bin,73840,789cba2c,22.A.0,01,00,01,2022-08-12 11:20:05 +0900
pmp,0,nrvespm.xcg,/pkg/bin,266816,142af814,22.A.0,01,00,01,2022-08-12 11:20:24 +0900
pmp,0,ossm.xcg,/pkg/bin,141768,65f1ab0e,22.A.0,01,00,01,2022-08-12 11:20:21 +0900
pmp,0,predef_ADPF.tar.gz
pmp,0,sfm.xcg,/pkg/bin,3763728,4a9123d0,22.A.0,01,00,01,2022-08-12 11:19:19 +0900
pmp,0,sigTermAction.sh
pmp,0,stm.xcg,/pkg/bin,181328,39185b24,22.A.0,01,00,01,2022-08-12 11:20:07 +0900
pmp,0,swm.xcg,/pkg/bin,211408,6c9e8a07,22.A.0,01,00,01,2022-08-12 11:18:59 +0900
pmp,0,swmWd.sh
pmp,0,type226_foo.tar.gz
pmp,0,type226_netfeature.tar.gz
pmp,0,vpm.xcg,/pkg/bin,944552,b07c94a8,22.A.0,01,00,01,2022-08-12 11:20:30 +0900
dpp,0,PDDC.tar.gz
dpp,0,PhySetup.cfg
dpp,0,PhySetupFdd.cfg
dpp,0,TmSensExe
dpp,0,aplogCatd.sh
dpp,0,appStart.sh
dpp,0,bpdm.xcg,/pkg/bin,44712,b85880a2,22.A.0,01,00,01,2022-08-12 11:20:17 +0900
dpp,0,com.xcg,/pkg/bin,243024,8802decf,22.A.0,01,00,01,2022-08-12 11:18:58 +0900
dpp,0,dsh.xcg,/pkg/bin,62112,7abf1dde,22.A.0,01,00,01,2022-08-12 11:20:04 +0900
dpp,0,filever.tar.gz
dpp,0,ftm.xcg,/pkg/bin,238656,4a7afae4,22.A.0,01,00,01,2022-08-12 11:19:01 +0900
dpp,0,gcci.xcg,/pkg/bin,1236712,7f801864,22.A.0,01,00,01,2022-08-12 11:23:36 +0900
dpp,0,gcdm.xcg,/pkg/bin,125080,e70a5912,22.A.0,01,00,01,2022-08-12 11:23:19 +0900
dpp,0,gcml,/pkg/bin,682136,f2e751a1,22.A.0,01,00,01,2022-08-12 11:23:19 +0900
dpp,0,iim.xcg,/pkg/bin,724672,1e51efea,22.A.0,01,00,01,2022-08-12 11:20:30 +0900
dpp,0,keepCatdAlive.sh
dpp,0,libI2util.so.xcg,/pkg/lib,52816,45e3d830,22.A.0,01,00,01,2022-08-12 11:20:13 +0900
dpp,0,libPtp.so.xcg,/pkg/lib,23304,92387538,22.A.0,01,00,01,2022-08-12 11:15:29 +0900
dpp,0,libapputil.so.xcg,/pkg/lib,3971600,b0bfeac4,22.A.0,01,00,01,2022-08-12 11:15:22 +0900
dpp,0,libcdd.so.xcg,/pkg/lib,422088,ee42e0d5,22.A.0,01,00,01,2022-08-12 11:15:31 +0900
dpp,0,libconfd.so.xcg,/pkg/lib,645240,163ab02b,22.A.0,01,00,01,2022-08-12 11:15:15 +0900
dpp,0,libdal.so.xcg,/pkg/lib,177592,873cf44,22.A.0,01,00,01,2022-08-12 11:15:31 +0900
dpp,0,libdbi.so.xcg,/pkg/lib,808336,926833e6,22.A.0,01,00,01,2022-08-12 11:15:35 +0900
dpp,0,libdus.so.xcg,/pkg/lib,98080,75e5572e,22.A.0,01,00,01,2022-08-12 11:15:17 +0900
dpp,0,libens.so.xcg,/pkg/lib,93304,efe5f4dc,22.A.0,01,00,01,2022-08-12 11:15:17 +0900
dpp,0,libftp.so.xcg,/pkg/lib,93336,7f4c223f,22.A.0,01,00,01,2022-08-12 11:15:30 +0900
dpp,0,libhas.so.xcg,/pkg/lib,172032,71629de9,22.A.0,01,00,01,2022-08-12 11:15:17 +0900
dpp,0,libhiredis.so.xcg,/pkg/lib,69024,e8a7d77b,22.A.0,01,00,01,2022-08-12 11:15:17 +0900
dpp,0,libic.so.xcg,/pkg/lib,455000,49c58306,22.A.0,01,00,01,2022-08-12 11:15:34 +0900
dpp,0,libimf.so
dpp,0,libintlc.so.5
dpp,0,libirng.so
dpp,0,libkubernetes.so.xcg,/pkg/lib,3218016,36a8751a,22.A.0,01,00,01,2022-08-12 11:15:27 +0900
dpp,0,libmds.so.xcg,/pkg/lib,442784,745faf93,22.A.0,01,00,01,2022-08-12 11:15:18 +0900
dpp,0,libmfs.so.xcg,/pkg/lib,106584,baa85eae,22.A.0,01,00,01,2022-08-12 11:15:17 +0900
dpp,0,libmkl_rt.so
dpp,0,libmwinit.so.xcg,/pkg/lib,23376,40e4d04d,22.A.0,01,00,01,2022-08-12 11:15:16 +0900
dpp,0,libnanomsg.so.xcg,/pkg/lib,388944,3b33c2b4,22.A.0,01,00,01,2022-08-12 11:15:21 +0900
dpp,0,libnetfeature.so.xcg,/pkg/lib,36336,35b167fd,22.A.0,01,00,01,2022-08-12 11:14:59 +0900
dpp,0,liboam.so.xcg,/pkg/lib,326056,c2e23362,22.A.0,01,00,01,2022-08-12 11:15:32 +0900
dpp,0,liboamfdm.so.xcg,/pkg/lib,27608,da5bd021,22.A.0,01,00,01,2022-08-12 11:15:30 +0900
dpp,0,liboamfm.so.xcg,/pkg/lib,56792,49399520,22.A.0,01,00,01,2022-08-12 11:15:31 +0900
dpp,0,liboamosab.so.xcg,/pkg/lib,56408,6018f26,22.A.0,01,00,01,2022-08-12 11:15:31 +0900
dpp,0,liboamswm.so.xcg,/pkg/lib,53040,f5e8a7c4,22.A.0,01,00,01,2022-08-12 11:15:30 +0900
dpp,0,liboamtm.so.xcg,/pkg/lib,47896,13e413c4,22.A.0,01,00,01,2022-08-12 11:15:30 +0900
dpp,0,libosal.so.xcg,/pkg/lib,6584,fcae5492,22.A.0,01,00,01,2022-08-12 11:15:16 +0900
dpp,0,libowamp.so.xcg,/pkg/lib,209464,b9381b3e,22.A.0,01,00,01,2022-08-12 11:20:16 +0900
dpp,0,libpdm.so.xcg,/pkg/lib,19200,96d1092c,22.A.0,01,00,01,2022-08-12 11:15:16 +0900
dpp,0,librms.so.xcg,/pkg/lib,139512,398383b4,22.A.0,01,00,01,2022-08-12 11:15:32 +0900
dpp,0,librulechk.so.xcg,/pkg/lib,15144,d1255f44,22.A.0,01,00,01,2022-08-12 11:15:30 +0900
dpp,0,libsfs.so.xcg,/pkg/lib,78200,3c39cf7d,22.A.0,01,00,01,2022-08-12 11:15:17 +0900
dpp,0,libsftp.so.xcg,/pkg/lib,400632,f5757b9f,22.A.0,01,00,01,2022-08-12 11:15:40 +0900
dpp,0,libsvml.so
dpp,0,libswmgt.so.xcg,/pkg/lib,40000,9b9c3e0c,22.A.0,01,00,01,2022-08-12 11:15:17 +0900
dpp,0,libsysapi.so.xcg,/pkg/lib,31408,cb43328b,22.A.0,01,00,01,2022-08-12 11:15:29 +0900
dpp,0,libths.so.xcg,/pkg/lib,110088,29b469a1,22.A.0,01,00,01,2022-08-12 11:15:17 +0900
dpp,0,libvpm.so.xcg,/pkg/lib,10008472,d1507b23,22.A.0,01,00,01,2022-08-12 11:18:50 +0900
dpp,0,libwebsockets.so.xcg,/pkg/lib,469400,949be2a7,22.A.0,01,00,01,2022-08-12 11:15:29 +0900
dpp,0,loco.xcg,/pkg/bin,73840,789cba2c,22.A.0,01,00,01,2022-08-12 11:20:05 +0900
dpp,0,mac_collect.sh
dpp,0,mac_presetup.sh
dpp,0,ncm.xcg,/pkg/bin,939192,8b333344,22.A.0,01,00,01,2022-08-12 11:20:19 +0900
dpp,0,ndc.xcg,/pkg/bin,385672,7dfee136,22.A.0,01,00,01,2022-08-12 11:20:11 +0900
dpp,0,nfm.xcg,/pkg/bin,4009560,f456c662,22.A.0,01,00,01,2022-08-12 11:20:12 +0900
dpp,0,nphy.xcg,/pkg/bin/dpdk,108300280,37e082f5,22.A.0,01,00,01,2022-08-12 11:22:34 +0900
dpp,0,nphyCLI
dpp,0,nronmd.xcg,/pkg/bin,1280256,318c518d,22.A.0,01,00,01,2022-08-12 11:20:31 +0900
dpp,0,ossm.xcg,/pkg/bin,141768,65f1ab0e,22.A.0,01,00,01,2022-08-12 11:20:21 +0900
dpp,0,predef_ADPF.tar.gz
dpp,0,ptool.py
dpp,0,remove_shm.py
dpp,0,run_dp.sh
dpp,0,run_sumb.sh
dpp,0,run_sumb.sh.tgz
dpp,0,run_tmsens.sh
dpp,0,sfm.xcg,/pkg/bin,3763728,4a9123d0,22.A.0,01,00,01,2022-08-12 11:19:19 +0900
dpp,0,sigTermAction.sh
dpp,0,stm.xcg,/pkg/bin,181328,39185b24,22.A.0,01,00,01,2022-08-12 11:20:07 +0900
dpp,0,sumb.xcg,/pkg/bin/dpdk,111395952,3bc87571,22.A.0,01,00,01,2022-08-12 11:25:51 +0900
dpp,0,swm.xcg,/pkg/bin,211408,6c9e8a07,22.A.0,01,00,01,2022-08-12 11:18:59 +0900
dpp,0,swmWd.sh
dpp,0,twamp.xcg,/pkg/bin,538032,b94c2a4,22.A.0,01,00,01,2022-08-12 11:20:17 +0900
dpp,0,twampc,/pkg/bin,40832,27a677df,22.A.0,01,00,01,2022-08-12 11:20:22 +0900
dpp,0,twampd,/pkg/bin,65784,c80c4ccb,22.A.0,01,00,01,2022-08-12 11:20:21 +0900
dpp,0,twamplc,/pkg/bin,45024,db379f49,22.A.0,01,00,01,2022-08-12 11:20:24 +0900
dpp,0,twampld,/pkg/bin,41296,ce21446,22.A.0,01,00,01,2022-08-12 11:20:23 +0900
dpp,0,type226_foo.tar.gz
dpp,0,type226_netfeature.tar.gz
dpp,0,vnp.xcg,/pkg/bin/dpdk,4098544,f50b14c4,22.A.0,01,00,01,2022-08-12 11:18:26 +0900
dpp,0,vnpd.xcg,/pkg/bin/dpdk,3851720,7013ad50,22.A.0,01,00,01,2022-08-12 11:20:22 +0900
dpp,0,vpms.xcg,/pkg/bin,729728,c00a1188,22.A.0,01,00,01,2022-08-12 11:20:15 +0900
dpp,0,vrlcb.nr.xcg,/pkg/bin,4908552,a7c9f19e,22.A.0,01,00,01,2022-08-12 11:20:18 +0900
dpp,0,vrlce.xcg,/pkg/bin/dpdk,4394184,e981dcab,22.A.0,01,00,01,2022-08-12 11:20:32 +0900
dpp,0,xray
dip,0,DuCpSoLib.xcg.tar.gz
dip,0,PDDC.tar.gz
dip,0,aplogCatd.sh
dip,0,appStart.sh
dip,0,bpdm.xcg,/pkg/bin,44712,b85880a2,22.A.0,01,00,01,2022-08-12 11:20:17 +0900
dip,0,com.xcg,/pkg/bin,243024,8802decf,22.A.0,01,00,01,2022-08-12 11:18:58 +0900
dip,0,dcmb.nr.xcg,/pkg/bin,2286688,dfc2640e,22.A.0,01,00,01,2022-08-12 11:20:27 +0900
dip,0,dcsb.nr.xcg,/pkg/bin,1009056,8a7b308,22.A.0,01,00,01,2022-08-12 11:20:22 +0900
dip,0,dfcb.nr.xcg,/pkg/bin,8682232,6fb19cc7,22.A.0,01,00,01,2022-08-12 11:20:43 +0900
dip,0,disb.xcg,/pkg/bin,36864,1843fcbf,22.A.0,01,00,01,2022-08-12 11:20:05 +0900
dip,0,dsh.xcg,/pkg/bin,62112,7abf1dde,22.A.0,01,00,01,2022-08-12 11:20:04 +0900
dip,0,dslb.nr.xcg,/pkg/bin,228368,6d3cd044,22.A.0,01,00,01,2022-08-12 11:20:07 +0900
dip,0,filever.tar.gz
dip,0,ftm.xcg,/pkg/bin,238656,4a7afae4,22.A.0,01,00,01,2022-08-12 11:19:01 +0900
dip,0,keepCatdAlive.sh
dip,0,libI2util.so.xcg,/pkg/lib,52816,45e3d830,22.A.0,01,00,01,2022-08-12 11:20:13 +0900
dip,0,libPtp.so.xcg,/pkg/lib,23304,92387538,22.A.0,01,00,01,2022-08-12 11:15:29 +0900
dip,0,libapputil.so.xcg,/pkg/lib,3971600,b0bfeac4,22.A.0,01,00,01,2022-08-12 11:15:22 +0900
dip,0,libcdd.so.xcg,/pkg/lib,422088,ee42e0d5,22.A.0,01,00,01,2022-08-12 11:15:31 +0900
dip,0,libconfd.so.xcg,/pkg/lib,645240,163ab02b,22.A.0,01,00,01,2022-08-12 11:15:15 +0900
dip,0,libdal.so.xcg,/pkg/lib,177592,873cf44,22.A.0,01,00,01,2022-08-12 11:15:31 +0900
dip,0,libdbi.so.xcg,/pkg/lib,808336,926833e6,22.A.0,01,00,01,2022-08-12 11:15:35 +0900
dip,0,libdus.so.xcg,/pkg/lib,98080,75e5572e,22.A.0,01,00,01,2022-08-12 11:15:17 +0900
dip,0,libens.so.xcg,/pkg/lib,93304,efe5f4dc,22.A.0,01,00,01,2022-08-12 11:15:17 +0900
dip,0,libftp.so.xcg,/pkg/lib,93336,7f4c223f,22.A.0,01,00,01,2022-08-12 11:15:30 +0900
dip,0,libhas.so.xcg,/pkg/lib,172032,71629de9,22.A.0,01,00,01,2022-08-12 11:15:17 +0900
dip,0,libhiredis.so.xcg,/pkg/lib,69024,e8a7d77b,22.A.0,01,00,01,2022-08-12 11:15:17 +0900
dip,0,libkubernetes.so.xcg,/pkg/lib,3218016,36a8751a,22.A.0,01,00,01,2022-08-12 11:15:27 +0900
dip,0,libmds.so.xcg,/pkg/lib,442784,745faf93,22.A.0,01,00,01,2022-08-12 11:15:18 +0900
dip,0,libmfs.so.xcg,/pkg/lib,106584,baa85eae,22.A.0,01,00,01,2022-08-12 11:15:17 +0900
dip,0,libmwinit.so.xcg,/pkg/lib,23376,40e4d04d,22.A.0,01,00,01,2022-08-12 11:15:16 +0900
dip,0,libnanomsg.so.xcg,/pkg/lib,388944,3b33c2b4,22.A.0,01,00,01,2022-08-12 11:15:21 +0900
dip,0,libnetfeature.so.xcg,/pkg/lib,36336,35b167fd,22.A.0,01,00,01,2022-08-12 11:14:59 +0900
dip,0,liboam.so.xcg,/pkg/lib,326056,c2e23362,22.A.0,01,00,01,2022-08-12 11:15:32 +0900
dip,0,liboamfdm.so.xcg,/pkg/lib,27608,da5bd021,22.A.0,01,00,01,2022-08-12 11:15:30 +0900
dip,0,liboamfm.so.xcg,/pkg/lib,56792,49399520,22.A.0,01,00,01,2022-08-12 11:15:31 +0900
dip,0,liboamosab.so.xcg,/pkg/lib,56408,6018f26,22.A.0,01,00,01,2022-08-12 11:15:31 +0900
dip,0,liboamswm.so.xcg,/pkg/lib,53040,f5e8a7c4,22.A.0,01,00,01,2022-08-12 11:15:30 +0900
dip,0,liboamtm.so.xcg,/pkg/lib,47896,13e413c4,22.A.0,01,00,01,2022-08-12 11:15:30 +0900
dip,0,libosal.so.xcg,/pkg/lib,6584,fcae5492,22.A.0,01,00,01,2022-08-12 11:15:16 +0900
dip,0,libosalsctp.so.xcg,/pkg/lib,10776,bed765c6,22.A.0,01,00,01,2022-08-12 11:15:16 +0900
dip,0,libowamp.so.xcg,/pkg/lib,209464,b9381b3e,22.A.0,01,00,01,2022-08-12 11:20:16 +0900
dip,0,libpdm.so.xcg,/pkg/lib,19200,96d1092c,22.A.0,01,00,01,2022-08-12 11:15:16 +0900
dip,0,librms.so.xcg,/pkg/lib,139512,398383b4,22.A.0,01,00,01,2022-08-12 11:15:32 +0900
dip,0,librulechk.so.xcg,/pkg/lib,15144,d1255f44,22.A.0,01,00,01,2022-08-12 11:15:30 +0900
dip,0,libsfs.so.xcg,/pkg/lib,78200,3c39cf7d,22.A.0,01,00,01,2022-08-12 11:15:17 +0900
dip,0,libsftp.so.xcg,/pkg/lib,400632,f5757b9f,22.A.0,01,00,01,2022-08-12 11:15:40 +0900
dip,0,libswmgt.so.xcg,/pkg/lib,40000,9b9c3e0c,22.A.0,01,00,01,2022-08-12 11:15:17 +0900
dip,0,libsysapi.so.xcg,/pkg/lib,31408,cb43328b,22.A.0,01,00,01,2022-08-12 11:15:29 +0900
dip,0,libths.so.xcg,/pkg/lib,110088,29b469a1,22.A.0,01,00,01,2022-08-12 11:15:17 +0900
dip,0,libvpm.so.xcg,/pkg/lib,10008472,d1507b23,22.A.0,01,00,01,2022-08-12 11:18:50 +0900
dip,0,libwebsockets.so.xcg,/pkg/lib,469400,949be2a7,22.A.0,01,00,01,2022-08-12 11:15:29 +0900
dip,0,loco.xcg,/pkg/bin,73840,789cba2c,22.A.0,01,00,01,2022-08-12 11:20:05 +0900
dip,0,ncm.xcg,/pkg/bin,939192,8b333344,22.A.0,01,00,01,2022-08-12 11:20:19 +0900
dip,0,ndc.xcg,/pkg/bin,385672,7dfee136,22.A.0,01,00,01,2022-08-12 11:20:11 +0900
dip,0,ossm.xcg,/pkg/bin,141768,65f1ab0e,22.A.0,01,00,01,2022-08-12 11:20:21 +0900
dip,0,predef_ADPF.tar.gz
dip,0,sfm.xcg,/pkg/bin,3763728,4a9123d0,22.A.0,01,00,01,2022-08-12 11:19:19 +0900
dip,0,sigTermAction.sh
dip,0,stm.xcg,/pkg/bin,181328,39185b24,22.A.0,01,00,01,2022-08-12 11:20:07 +0900
dip,0,swm.xcg,/pkg/bin,211408,6c9e8a07,22.A.0,01,00,01,2022-08-12 11:18:59 +0900
dip,0,swmWd.sh
dip,0,twamp.xcg,/pkg/bin,538032,b94c2a4,22.A.0,01,00,01,2022-08-12 11:20:17 +0900
dip,0,twampc,/pkg/bin,40832,27a677df,22.A.0,01,00,01,2022-08-12 11:20:22 +0900
dip,0,twampd,/pkg/bin,65784,c80c4ccb,22.A.0,01,00,01,2022-08-12 11:20:21 +0900
dip,0,twamplc,/pkg/bin,45024,db379f49,22.A.0,01,00,01,2022-08-12 11:20:24 +0900
dip,0,twampld,/pkg/bin,41296,ce21446,22.A.0,01,00,01,2022-08-12 11:20:23 +0900
dip,0,type226_foo.tar.gz
dip,0,type226_netfeature.tar.gz
